username,caption,url,likes,Category,dm_message,dm_status,follow_status,follow_up_day,follow_up_msg
scopeindia,"Congratulations to Akash A A on being placed as an AI Developer at Zecser Business LLP 

Your dedication and commitment to mastering Data Science have led you to this amazing milestone. This is just the beginning of a promising journey in the world of AI and technology! 

📞 9745936073
🌐 www.scopeindia.org

[Artificial Intelligence, Data Science training, career support, Data Science Internship, IT Career, AI Developer]

#scopeindia #placementdrive #aideveloper #placementassistance #itcareer",https://www.instagram.com/p/DWBYq78Ez2T/,14,,"Hi scopeindia, noticed your AI training post — looks interesting!",generated,simulated_follow,Day 3,"Hi scopeindia, just following up 🙂"
india_never_quits,"The ""AI vs. Developer"" war is over. The ""AI + Developer"" era has begun. 💻🤖🤝

OpenAI’s Sam Altman recently dropped a truth bomb: while AI is transforming how we write code, it can never replace the human architect. From system design to ethical debugging, the ""Creative Spark"" remains uniquely human. 🏛️🚀

According to latest studies, AI isn't stealing jobs; it’s acting as a high-speed ""Co-pilot."" For every line of code AI generates, a human is needed to verify, secure, and integrate it. The ""Entry-level"" barrier is rising, but the potential for innovation has never been higher. 🛡️✨

The Tech Angle: As an MCA grad, I look at AI as a Global Productivity Patch. We are moving from being ""Syntax Experts"" to ""Logic Architects."" If you can master the art of directing AI, you aren't just a developer—you're a force multiplier. 💻🧠

India Never Quits. We don't fear the machine; we lead it. ✊🇮🇳

#IndiaNeverQuits #OpenAI #SamAltman #Anthropic #SoftwareDevelopment #AIDeveloper #Coding2026 #VerifiedNews #PTINews #MCA #AatmaNirbharBharat #TechInnovation #FutureOfWork",https://www.instagram.com/p/DWBXnwnAYkX/,2,,"Hi india_never_quits, saw you're hiring in AI — would love to connect!",generated,simulated_follow,Day 3,"Hi india_never_quits, just following up 🙂"
freshtalent254,"You build AI. 🧠 Now let AI find your next career move in Data Science. Direct access to global labs and fintech giants. Move at the speed of data. 📊✨

#DataScience #MachineLearning #BigData #AIDeveloper
#RemoteWork #AfricanTalent #JobCopilot #CareerGrowth #TechAfrica",https://www.instagram.com/p/DWA8oULEdFm/,0,,"Hi freshtalent254, saw you're hiring in AI — would love to connect!",generated,simulated_follow,Day 3,"Hi freshtalent254, just following up 🙂"
chrispyhernandez,"Goal achieved! I'm officially an IBM Certified AI Developer 

It’s been months of intense focus, hours of coding, and deep technical learning to master Artificial Intelligence development, and today I finally have the professional certificate in my hands.

Endless thanks to @IBM and @Coursera for this 10-course program. It was an intense challenge, but the tools and software architecture I learned are worth every second invested.

Now it's time to put all this into practice. I'm ready to inject this level of AI into the custom solutions and systems we are building at SEÑU Software. Let's go! 💻🔥

 #AIDeveloper #Programming #ArtificialIntelligence #IBM",https://www.instagram.com/p/DV_36LPlQZd/,12,,"Hi chrispyhernandez, noticed your AI training post — looks interesting!",generated,simulated_follow,Day 3,"Hi chrispyhernandez, just following up 🙂"
iftsfvg,"Centro Regionale IFTS Cultura, Informazione e Tecnologie Informatiche i corsi in avvio da MARZO!

✳️Tecnico delle reti e dei sistemi informatici (Pordenone)
✳️ Data Analyst Jr. (Udine)
✳️Jr. front end A.I. developer (Udine)
✳️Tecnico dello sviluppo software (Trieste)

👉Per maggiori dettagli, visita le proposte del Centro dal LINK IN BIO oppure vai su www.formazioneiftsfvg.it 

 ✔️La partecipazione ai corsi è 𝗴𝗿𝗮𝘁𝘂𝗶𝘁𝗮. Si è beneficiato del sostegno cofinanziato dal Fondo Sociale Europeo Plus delle Regione Autonoma Friuli Venezia Giulia
 
 🆕 Indennità di frequenza: €3,50/ora agli allievi disoccupati con almeno il 70% di frequenza, esclusi occupati e percettori di sussidi.

@regionefvg  @regionefvg  @consorziofriuliformazione  @ialweb  @iresfvg 

#iftsfvg #postdipoloma #formazioneprofessionale
#formazione #corsidiformazione #formazioneiftsfvg
#ifts #formazione #fvg #aideveloper #dataanalytics #sistemiinformatici #softwaredevelopment",https://www.instagram.com/p/DV-_4GcEQ7S/,6,,"Hi iftsfvg, came across your post — would love to connect!",generated,simulated_follow,Day 3,"Hi iftsfvg, just following up 🙂"
unfiltered.ledger,"# Instagram Caption: Silent AI Failures

99% of billion-dollar companies reported financial losses from AI. 64% lost over $1 million each. Average loss: $4.4 million. That's from an anonymous EY survey of 975 C-suite executives across 21 countries.

A VP of AI Operations at Agiloft told CNBC these are ""silent failures at scale."" The AI doesn't crash. It quietly gets things wrong for weeks, compounding small errors into operational and compliance damage before anyone catches it. A beverage company's AI ordered thousands of unnecessary cans. Microsoft's customer-service bot got manipulated into approving excess refunds with no human checking.

A Stanford-backed consortium found 80% of organizations report risky AI agent behaviors — unauthorized system access, improper data exposure. Only 21% of executives even know what permissions their AI agents have.

Meanwhile, 95% of enterprise GenAI pilots return zero ROI (MIT). 80%+ of firms report zero productivity impact (NBER). And yet 95% of tech executives plan to increase AI spending next year.

Who benefits? Vendors sit on a $115 billion market growing 19% annually. Every quiet quarter is another quarter of contracts. Executives pitched AI to their boards and staked their strategies on it. Admitting $4 million in losses means admitting the thesis was wrong. Only 12% of C-suite leaders can even identify the right controls for AI risks. They bought tech they don't fully understand, and nobody wants to be the first to say it.

Sources: EY Pulse Survey (Oct 2025), CNBC (Mar 2026), AIUC-1/Stanford (Mar 2026), EY Tech Poll (Mar 2026), NBER (Feb 2026), MIT (Aug 2025). Links in first comment.

#AI #ArtificialIntelligence #EnterpriseAI #AIGovernance #TechNews #AIRisk #CorporateAI #SilentFailure",https://www.instagram.com/p/DWCMwQdlCEW/,0,,"Hi unfiltered.ledger, came across your post — would love to connect!",generated,simulated_follow,Day 3,"Hi unfiltered.ledger, just following up 🙂"
mdchccommunityservices,"THE DMV WOMEN IN CONSTRUCTION COLLABORATIVE: AI TRAINING SERIES

The Metro D.C. Hispanic Contractors Association (MDCHCA), in collaboration with the DMV Women in Construction, a program under the Metro D.C. Hispanic Contractors Community Services Presents:

AI Training Series: A Hands-on Workshop Designed for Business Owners/Professionals in the Construction Industry. 

This workshop teaches construction professionals how to use AI tools to improve bidding, streamline project management, reduce errors, and increase profitability without needing technical expertise.

Admission includes both sessions, Part 1 on March 25 and Part 2 on April 1.

Cely Argueta | 📞 C: (301) 401-7317 | 
✉️metrodchccommunityservices@gmail.com | 
🌐www.dchccommunityservices.org

#MDCHCA #MDCHCCS #ArtificialIntelligence #AIInConstruction #Construction",https://www.instagram.com/p/DWCMP8SjX5h/,0,,"Hi mdchccommunityservices, noticed your AI training post — looks interesting!",generated,simulated_follow,Day 3,"Hi mdchccommunityservices, just following up 🙂"
feeltheaipulse,"Who built the mystery 1-trillion-parameter AI model that just shocked the developer world? 🕵️‍♂️A powerful, anonymous AI model named ""Hunter Alpha"" quietly appeared on the developer platform OpenRouter last week, and it's sending the tech world into a speculative frenzy. With no developer attribution attached, the model has already processed over 160 billion tokens as users rush to test its capabilities.The specs are massive: Hunter Alpha boasts 1 trillion parameters and a context window of up to 1 million tokens. When tested directly, the chatbot described itself as a Chinese AI model with a training data cutoff of May 2025. Many developers are buzzing with speculation that this is a stealth test run of DeepSeek's highly anticipated V4 model, which is rumored to be released in April. While some point to its reasoning style as proof, others remain unconvinced due to architectural differences. Whether it's DeepSeek in disguise or a new player entering the arena, the AI race just got a lot more interesting. Who do you think is behind Hunter Alpha? Drop your theories below! 👇#AINews #ArtificialIntelligence #HunterAlpha #DeepSeek #TechNews #MachineLearning #FutureOfTech #AIModel #DeveloperCommunity #TechTrends",https://www.instagram.com/p/DWCMkyFkZTu/,0,,"Hi feeltheaipulse, noticed your AI training post — looks interesting!",generated,simulated_follow,Day 3,"Hi feeltheaipulse, just following up 🙂"
careervarier_counseling,"🚀 **AI SPECIALIST — Become the Expert Behind Smart Technology!**

🤖 Not just working *with* AI… but mastering it.
An **AI Specialist** is the go-to expert who designs, improves, and applies AI solutions across industries.

✨ **What do they do?**
They build and optimize AI models, work on deep learning, NLP, and automation systems — turning complex data into intelligent solutions.

📈 **Future Prospects**
AI is the future — and specialists are the *most valuable players* in the game 🎯
💼 High demand in tech, healthcare, fintech, robotics & startups
🌍 Global opportunities + remote work options
🚀 Fast-track to leadership & expert roles

💰 **Salary**
💸 India: ₹10 LPA → ₹60+ LPA
🌍 Global: $120K → $200K+
🔥 One of the highest-paying tech careers today

🎓 **Education**
• / BSc in AI, Computer Science, Data Science
• Master’s (optional but powerful advantage)
• Strong skills in Python, Machine Learning, Deep Learning
• Tools: TensorFlow, PyTorch, NLP frameworks

⚡ **Why choose AI Specialist?**
✔ Highest expertise = highest pay 💰
✔ Work on cutting-edge innovations
✔ Strong global demand
✔ Opportunity to become industry expert

💬 **Ready to become an AI expert? Comment “SPECIALIST” and I’ll guide you!**

#AISpecialist #AICareers #FutureJobs #TechCareers #HighPayingJobs #ArtificialIntelligence #CareerGrowth #Students #CareerInsights",https://www.instagram.com/p/DWCMLXnDojK/,0,,"Hi careervarier_counseling, saw you're hiring in AI — would love to connect!",generated,simulated_follow,Day 3,"Hi careervarier_counseling, just following up 🙂"
is3a.nl,"🎤 Just two more days until IS3A demo day! Join us for a nice low-key event where our members show off their hobby and side projects. This is a great opportunity to learn how to bootstrap ideas from other members!⁠
⁠
🍻 The event will be at Lab42 at the UvA and we'll have free drinks. Of course we end the night with networking.⁠
⁠
⏳ Time is running out! Follow the link in your email or the instructions on www.is3a.nl/winter-drinks-26 to RSVP.⁠
⁠
---⁠
⁠
👋 We’re more than happy to welcome you at our events! Sign up using the link in our bio. For your first event, a membership is not mandatory so you can get a feel for what we’re about.⁠
⁠
If you like what you see and feel like you’re up for more, you can sign up for a membership at the event or online.⁠
⁠
#is3a #amsterdam #alumni #networking #entrepreneurship #it #computerscience #datascience #artificialintelligence #ai #informationscience",https://www.instagram.com/p/DWCMKOPk9UD/,0,,"Hi is3a.nl, noticed your AI training post — looks interesting!",generated,simulated_follow,Day 3,"Hi is3a.nl, just following up 🙂"
readyats,"Hiring just got an upgrade! 💥

ReadyATS 2.0 isn’t just another ATS update — it’s a complete shift in how you hire.

Think:
AI-powered features
Smarter workflows
Faster decisions
And a system that actually works with you, not against you 🤝

Because in today’s market, speed alone isn’t enough — you need intelligence built into every step of your hiring process.

If your ATS still feels manual… slow… or stuck in the past, this is your sign to rethink what’s possible.

👉 See what AI-native recruiting really looks like! https://power.readyats.com/readyats-2-0-the-future-of-ai-powered-recruiting-is-here/

#ATS #ApplicantTrackingSystem #AI #Recruiting #AIRecruiting #Hiring #AIHiring #HumanResources #HR #HRTech #HRTools #Blog #NewBlog #Features #AIFeatures #ArtificialIntelligence #AINativeATS #AINative #AIATS",https://www.instagram.com/p/DWCLVRhlKh0/,0,,"Hi readyats, saw you're hiring in AI — would love to connect!",generated,simulated_follow,Day 3,"Hi readyats, just following up 🙂"
erdenebatt,"Монголын програмист мөнгө сайн авдаг гэж боддог уу? Бодит тоонуудыг харцгаая. 💻

Би өөрөө програмист найз нөхдөөсөө, LinkedIn-ээс, ажлын байрны зарнуудаас мэдээлэл цуглуулж энэ жагсаалтыг бэлтгэлээ.

→ 1-р шат: Ямар технологи мэддэгийг нь тогтоо
Junior хэмжээнд HTML/CSS мэдэхэд 800K-1.2M төгрөг байдаг. JavaScript, React мэдэхэд л тоо өөрчлөгдөнө.

→ 2-р шат: Туршлагын жилийг харь
0-2 жил: 1M-2M орчим
3-5 жил: 2.5M-4M
5+ жил + англи хэл: 5M-аас дээш болж эхэлнэ 🔥

→ 3-р шат: Компанийн төрлийг ялга
Гадаадын remote ажил, эсвэл олон улсын компаниуд дотоодынхоос 2-3 дахин илүү санал тавьдаг. Энэ бол бодит байдал.

→ 4-р шат: Specialty сонго
AI, mobile, backend — эдгээр чиглэл одоо хамгийн эрэлттэй. Бид Gerege-д яг ийм шийдэл хийж байна, тиймээс ийм мэргэжилтнүүдийг хайж байгааг мэднэ.

→ 5-р шат: Цалингаа өсгөхийн тулд portfolio бариарай
Нэг сайн project нь 10 сертификатаас илүү ярьдаг. 📂

Энэ мэдээллийг хадгалаад, цалин хэлэлцэхдээ ашигла!

Хийж үзсэн бол DM-ээр хэлээрэй!

#Монгол #Innovation #ArtificialIntelligence #LearnWithAI #Gemini #Coding #TechMongolia #Copilot #ChatGPT #Улаанбаатар #AITools #AIMongolia #Технологи",https://www.instagram.com/p/DWCLGKZlLdt/,0,,"Hi erdenebatt, came across your post — would love to connect!",generated,simulated_follow,Day 3,"Hi erdenebatt, just following up 🙂"